上海戏剧学院,上海市,['']
中国传媒大学,北京市,"['211工程,自主招生']"
公安消防部队高等专科学校,云南省,['']
民办四川天一学院,四川省,['']
湖北师范大学,湖北省,['']
电子科技大学(沙河校区),四川省,['211工程，985高校，有研究生院']
惠州卫生职业技术学院,广东省,['']
浙江安防职业技术学院,浙江省,['']
西安东方亚太职业技术学院,陕西省,['']
佛山职业技术学院,广东省,['']
兰州财经大学长青学院,甘肃省,['']
广东体育职业技术学院,广东省,['']
广西中远职业学院,,['']
成都工贸职业技术学院,四川省,['']
武汉传媒学院,湖北省,['']
中北大学朔州校区,山西省,['']
重庆大学,重庆市,"['211工程,985高校,有研究生院,自主招生,含国防生,卓越计划']"
荆门职业学院,湖北省,['']
甘肃卫生职业学院,甘肃省,['']
深圳信息职业技术学院,广东省,['']
河北传媒学院,河北省,['']
皖北卫生职业学院,安徽省,['']
吉林动画学院,吉林省,['']
中央音乐学院,北京市,['211工程']
安徽涉外经济职业学院,安徽省,['']
沈阳师范大学,辽宁省,['']
河南科技学院新科学院,河南省,['']
中国美术学院,浙江省,['']
河北东方学院,河北省,['']
江西经济管理职业学院,江西省,['']
辽宁体育运动职业技术学院,辽宁省,['']
郑州理工职业学院,河南省,['']
浙江舟山群岛新区旅游与健康职业学院,浙江省,['']
吕梁职业技术学院,山西省,['']
青岛飞洋职业技术学院,山东省,['']
南京艺术学院,江苏省,['']
天津音乐学院,天津市,['']
北京网络职业学院,北京市,['']
云南艺术学院,云南省,['']
株洲师范高等专科学校,湖南省,['']
新疆工业职业技术学院,新疆维吾尔自治区,['']
山东文化产业职业学院,山东省,['']
扬州环境资源职业技术学院,江苏省,['']
河北传媒学院,河北省,['']
海南体育职业技术学院,海南省,['']
皖北卫生职业学院,安徽省,['']
吉林动画学院,吉林省,['']
中央音乐学院,北京市,['211工程']
安徽涉外经济职业学院,安徽省,['']
沈阳师范大学,辽宁省,['']
福建警官职业学院,福建省,['']
哈尔滨工程技术职业学院,黑龙江省,['']
中央戏剧学院,北京市,['']
徽商职业学院,安徽省,['']
沈阳航空航天大学北方科技学院,辽宁省,['']
河南工业和信息化职业学院,河南省,['']
温州商学院,浙江省,['']
山西警察学院,山西省,['']
吉安职业技术学院,江西省,['']
上海欧华职业技术学院,上海市,['']
平顶山文化艺术职业学院,河南省,['']
北京交通大学(威海校区),北京市,"['211工程,有研究生院']"
广东舞蹈戏剧职业学院,广东省,['']
江苏安全技术职业学院,江苏省,['']
长安大学兴华学院,陕西省,['']
广东松山职业技术学院,广东省,['']
辽宁科技大学信息技术学院,辽宁省,['']
四川文轩职业学院,四川省,['']
武汉晴川学院,湖北省,['']
河海大学常州校区,江苏省,['']
广东亚视演艺职业学院,广东省,['']
大理护理职业学院,云南省,['']
广东酒店管理职业技术学院,广东省,['']
平凉职业技术学院,甘肃省,['']
广西蓝天航空职业学院,广西壮族自治区,['']
吐鲁番职业技术学院,新疆维吾尔自治区,['']
贵州工程职业学院,贵州省,['']
中国石油大学(北京)克拉玛依校区,新疆维吾尔自治区,"['211工程,985高校']"
贵州电子科技职业学院,贵州省,['']
大连翻译职业学院,辽宁省,['']
北京交通大学(威海校区),北京市,"['211工程,有研究生院']"
广东舞蹈戏剧职业学院,广东省,['']
江苏安全技术职业学院,江苏省,['']
长安大学兴华学院,陕西省,['']
广东松山职业技术学院,广东省,['']
辽宁科技大学信息技术学院,辽宁省,['']
四川文轩职业学院,四川省,['']
武汉晴川学院,湖北省,['']
河海大学常州校区,江苏省,['']
广西艺术学院,广西壮族自治区,['']
白银矿冶职业技术学院,甘肃省,['']
广东邮电职业技术学院,广东省,['']
庆阳职业技术学院,甘肃省,['']
贵州建设职业技术学院,贵州省,['']
湖北艺术职业学院,湖北省,['']
中国人民解放军国际关系学院,江苏省,['']
重庆文化艺术职业学院,重庆市,['']
公安边防部队高等专科学校,广东省,['']
新疆艺术学院,新疆维吾尔自治区,['']
广州体育职业技术学院,广东省,['']
